ID,T1,Year,Haptic Sensations,Correlated User Manipulation,Stimulus,Interfacing method,Ground method,Actuating mechanism,Simple to complex mechanism,web,Meeting name,Title
1,tsai2020elastoscillation,2020,Mass Redistribution/Damped Oscillation,Shaking,Whole Proximate Object,Grasped/ fixed gesture,Ungrounded,Off-The-Shelf Components,Others,https://doi.org/10.1145/3313831.3376408,ACM CHI,ElastOscillation: 3D Multilevel Force Feedback for Damped Oscillation on VR Controllers
2,heo2018thor,2018,Not Specified,Not Specified,Forces/Constraint Across Joint,Grasped/ fixed gesture,Ungrounded,Off-The-Shelf Components,Others,https://doi.org/10.1145/3173574.3174099,ACM CHI,Thor's Hammer: An Ungrounded Force Feedback Device Utilizing Propeller-Induced Propulsive Force
3,zenner2019drag,2019,Shape&Mass,Shaking,Whole Proximate Object,Grasped/ fixed gesture,Ungrounded,Off-The-Shelf Components,Others,https://doi.org/10.1145/3290605.3300441,ACM CHI,Drag:on: A Virtual Reality Controller Providing Haptic Feedback Based on Drag and Weight Shift
4,shigeyama2019transcalibur,2019,Shape&Mass,Unsupported Holding,Whole Proximate Object,Grasped/ fixed gesture,Ungrounded,Off-The-Shelf Components,Others,https://doi.org/10.1145/3290605.3300241,ACM CHI,Transcalibur: A Weight Shifting Virtual Reality Controller for 2D Shape Rendering Based on Computational Perception Model
5,zenner2017shifty,2017,Shape&Mass,Unsupported Holding,Whole Proximate Object,Grasped/ fixed gesture,Ungrounded,Off-The-Shelf Components,Mechanical Mechanism,https://ieeexplore.ieee.org/document/7833030,IEEE Transactions on Visualization and Computer Graphics,Shifty: A Weight-Shifting Dynamic Passive Haptic Proxy to Enhance Object Perception in Virtual Reality
6,je2019aero,2019,Force/Motion,Shaking,Whole Proximate Object,Grasped/ fixed gesture,Ungrounded,Off-The-Shelf Components,None,https://doi.org/10.1145/3332165.3347926,ACM UIST,Aero-Plane: A Handheld Force-Feedback Device That Renders Weight Motion Illusion on a Virtual 2D Plane
7,pielot2012pocketnavigator,2012,Abstracted,Scanning,Vibration,Grasped/ fixed gesture,Ungrounded,Exsiting Devices,None,https://dl.acm.org/doi/10.1145/2207676.2208728,ACM CHI,PocketNavigator: Studying Tactile Navigation Systems In-Situ
8,arora2019virtualbricks,2019,Shape,All,Whole Proximate Object,Grasped/ fixed gesture,Ungrounded,Off-The-Shelf Components,Spatial Distribution,https://doi.org/10.1145/3290605.3300286,ACM CHI,"VirtualBricks: Exploring a Scalable, Modular Toolkit for Enabling Physical Manipulation in VR"
8,arora2019virtualbricks,2019,Shape,All,Whole Proximate Object,Grasped/ fixed gesture,Ungrounded,Off-The-Shelf Components,Modularization,https://doi.org/10.1145/3290605.3300286,ACM CHI,"VirtualBricks: Exploring a Scalable, Modular Toolkit for Enabling Physical Manipulation in VR"
8,arora2019virtualbricks,2019,Mechanical Mechanisms,All,Whole Proximate Object,Grasped/ fixed gesture,Ungrounded,Off-The-Shelf Components,Spatial Distribution,https://doi.org/10.1145/3290605.3300286,ACM CHI,"VirtualBricks: Exploring a Scalable, Modular Toolkit for Enabling Physical Manipulation in VR"
8,arora2019virtualbricks,2019,Mechanical Mechanisms,All,Whole Proximate Object,Grasped/ fixed gesture,Ungrounded,Off-The-Shelf Components,Modularization,https://doi.org/10.1145/3290605.3300286,ACM CHI,"VirtualBricks: Exploring a Scalable, Modular Toolkit for Enabling Physical Manipulation in VR"
9,zhu2019haptwist,2019,Shape,All,Whole Proximate Object,Grasped/ fixed gesture,Ungrounded,Passive,None,https://doi.org/10.1145/3290605.3300923,ACM CHI,HapTwist: Creating Interactive Haptic Proxies in Virtual Reality Using Low-Cost Twistable Artefacts
10,strasnick2018haptic,2018,Mechanical Mechanisms,Function Test,Whole Proximate Object,Grasped/ fixed gesture,Ungrounded,Off-The-Shelf Components,Mechanical Mechanism,https://doi.org/10.1145/3173574.3174218,ACM CHI,"Haptic Links: Bimanual Haptics for Virtual Reality Using Variable Stiffness Actuation

"
10,strasnick2018haptic,2018,Mechanical Mechanisms,Part Motion Test,Whole Proximate Object,Grasped/ fixed gesture,Ungrounded,Off-The-Shelf Components,Mechanical Mechanism,https://doi.org/10.1145/3173574.3174218,ACM CHI,"Haptic Links: Bimanual Haptics for Virtual Reality Using Variable Stiffness Actuation

"
11,yamaoka2013depend,2013,Abstracted,Tool-Mediated,Forces/Constraint Across Joint,Grasped/ fixed gesture,Ungrounded,Off-The-Shelf Components,Mechanical Mechanism,https://dl.acm.org/doi/10.1145/2501988.2502017,ACM UIST,dePENd: augmented handwriting system using ferromagnetism of a ballpoint pen
12,hu2019pneu,2019,Shape,Enclosure,Whole Proximate Object,Grasped/ fixed gesture,Grounded-On-Different-Body-Part,Off-The-Shelf Components,Modularization,https://doi.org/10.1145/3332167.3357107,ACM UIST,Pneu-Multi-Tools: Auto-Folding and Multi-Shapes Interface by Pneumatics in Virtual Reality
13,teng2018pupop,2018,Shape,Enclosure,Whole Proximate Object,Grasped/ fixed gesture,Grounded-On-Different-Body-Part,Off-The-Shelf Components,Modularization,https://doi.org/10.1145/3242587.3242628,ACM UIST,PuPoP: Pop-up Prop on Palm for Virtual Reality
14,suzuki2020lifttiles,2020,Shape,Static Contact,Whole Proximate Object,Grasped/ fixed gesture,Grounded-Off-Body,Off-The-Shelf Components,Modularization,https://doi.org/10.1145/3374920.3374941,ACM TEI,LiftTiles: Constructive Building Blocks for Prototyping Room-Scale Shape-Changing Interfaces
14,suzuki2020lifttiles,2020,Shape,Static Contact,Whole Proximate Object,Grasped/ fixed gesture,Grounded-Off-Body,Off-The-Shelf Components,Spatial Distribution,https://doi.org/10.1145/3374920.3374941,ACM TEI,LiftTiles: Constructive Building Blocks for Prototyping Room-Scale Shape-Changing Interfaces
15,carter2013ultrahaptics,2013,Abstracted,None,Vibration,Grasped/ fixed gesture,Ungrounded,Off-The-Shelf Components,None,https://dl.acm.org/doi/10.1145/2501988.2502018,ACM UIST,UltraHaptics: multi-point mid-air haptic feedback for touch surfaces
16,kim2013tactile,2013,Texture,Lateral Motion,Partial Proximate Object,Grasped/ fixed gesture,Ungrounded,Off-The-Shelf Components,None,https://dl.acm.org/doi/10.1145/2501988.2502020,ACM UIST,Tactile rendering of 3D features on touch surfaces
17,sonar2016soft,2015,Not Specified,None,Vibration,Not specified,Not Specified,Off-The-Shelf Components,None,https://www.frontiersin.org/article/10.3389/frobt.2015.00038,FRONTIERS IN ROBOTICS AND AI,Soft Pneumatic Actuator Skin with Piezoelectric Sensors for Vibrotactile Feedback
18,stanley2014d13,2015,Compliance,All,Partial Proximate Object,Encountered/free gesture,Not Specified,Off-The-Shelf Components,Others,https://ieeexplore.ieee.org/document/6775542,IEEE Transactions on Haptics,Controllable Surface Haptics via Particle Jamming and Pneumatics
18,stanley2014d13,2015,Shape,All,Partial Proximate Object,Encountered/free gesture,Not Specified,Off-The-Shelf Components,Others,https://ieeexplore.ieee.org/document/6775542,IEEE Transactions on Haptics,Controllable Surface Haptics via Particle Jamming and Pneumatics
19,gugenheimer2016gyrovr,2016,Effects,None,Forces/Constraint Across Joint,Worn/ free gesture,Grounded-On-Same-Body-Part,Off-The-Shelf Components,Others,https://doi.org/10.1145/2984511.2984535,ACM UIST,GyroVR: Simulating Inertia in Virtual Reality Using Head Worn Flywheels
20,teng2019aarnio,2019,Effects,None,Forces/Constraint Across Joint,Encountered/free gesture,Ungrounded,Off-The-Shelf Components,Spatial Distribution,https://doi.org/10.1145/3290605.3300902,ACM CHI,Aarnio: Passive Kinesthetic Force Output for Foreground Interactions on an Interactive Chair
21,ye2019pull,2019,Effects,None,Forces/Constraint Across Joint,Grasped/ fixed gesture,Grounded-Off-Body,Material,None,https://doi.org/10.1145/3332165.3347874,ACM UIST,Pull-Ups: Enhancing Suspension Activities in Virtual Reality with Body-Scale Kinesthetic Force Feedback
22,cheng2017mutual,2017,Effects,None,Others,Encountered/free gesture,Grounded-Off-Body,Others,None,https://doi.org/10.1145/3126594.3126667,ACM UIST,Mutual Human Actuation
23,cheng2015turkdeck,2015,All,Static Contact,Whole Proximate Object,Encountered/free gesture,Moving-Off-Body,Others,Movement Platform + Props,https://doi.org/10.1145/2807442.2807463,ACM UIST,TurkDeck: Physical Virtual Reality Based on People
24,suzuki2020roomshift,2020,All,All,Whole Proximate Object,Encountered/free gesture,Moving-Off-Body,Off-The-Shelf Components,Movement Platform + Props,https://doi.org/10.1145/3313831.3376523,ACM CHI,RoomShift: Room-scale Dynamic Haptics for VR with Furniture-moving Swarm Robots
25,kim2013haptic,2013,Mechanical Mechanisms,Tool-Mediated,Vibration,Encountered/free gesture,Ungrounded,Off-The-Shelf Components,None,https://dl.acm.org/doi/10.1145/2501988.2502041,ACM UIST,Haptic feedback design for a virtual button along force-displacement curves
26,whitmire2018haptic,2018,All,Static Contact,Partial Proximate Object,Grasped/ fixed gesture,Ungrounded,Off-The-Shelf Components,Others,https://doi.org/10.1145/3173574.3173660,ACM CHI,"Haptic Revolver: Touch, Shear, Texture, and Shape Rendering on a Reconfigurable Virtual Reality Controller"
27,hoppe2018vrhapticdrones,2018,All,Static Contact,Partial Proximate Object,Encountered/free gesture,Moving-Off-Body,Off-The-Shelf Components,None,https://doi.org/10.1145/3282894.3282898,ACM MUM,VRHapticDrones: Providing Haptics in Virtual Reality through Quadcopters
28,araujo2016snake,2016,All,Static Contact,Partial Proximate Object,Encountered/free gesture,Grounded-Off-Body,Off-The-Shelf Components,None,https://doi.org/10.1145/2839462.2839484,ACM TEI,Snake Charmer: Physically Enabling Virtual Objects
29,fang2020wireality,2020,Shape,Static Contact,Forces/Constraint Across Joint,Worn/ free gesture,Grounded-On-Different-Body-Part,Off-The-Shelf Components,String + Brake,https://doi.org/10.1145/3313831.3376470,ACM CHI,Wireality: Enabling Complex Tangible Geometries in Virtual Reality with Worn Multi-String Haptics
30,yatani2012spacesense,2012,Abstracted,None,Vibration,Worn/ free gesture,Ungrounded,Off-The-Shelf Components,Spatial Distribution,https://dl.acm.org/doi/10.1145/2207676.2207734,ACM CHI,SpaceSense: Representing Geographical Information to Visually Impaired People Using Spatial Tactile Feedback
31,rekimoto2014traxion,2013,Abstracted,None,Forces/Constraint Across Joint,Encountered/free gesture,Ungrounded,Material,None,https://dl.acm.org/doi/10.1145/2501988.2502044,ACM UIST,Traxion: a tactile interaction device with virtual force sensation
32,tsai2019elasticvr,2019,Compliance,Pressure,Forces/Constraint Across Joint,Worn/ free gesture,Grounded-On-Different-Body-Part,Off-The-Shelf Components,String + Brake,https://doi.org/10.1145/3290605.3300450,ACM CHI,ElasticVR: Providing Multilevel Continuously-Changing Resistive Force and Instant Impact Using Elasticity for VR
32,tsai2019elasticvr,2019,Compliance,Pressure,Forces/Constraint Across Joint,Worn/ free gesture,Grounded-On-Different-Body-Part,Off-The-Shelf Components,Elastic Material,https://doi.org/10.1145/3290605.3300450,ACM CHI,ElasticVR: Providing Multilevel Continuously-Changing Resistive Force and Instant Impact Using Elasticity for VR
32,tsai2019elasticvr,2019,Force/Motion,Pressure,Forces/Constraint Across Joint,Worn/ free gesture,Grounded-On-Different-Body-Part,Off-The-Shelf Components,String + Brake,https://doi.org/10.1145/3290605.3300450,ACM CHI,ElasticVR: Providing Multilevel Continuously-Changing Resistive Force and Instant Impact Using Elasticity for VR
32,tsai2019elasticvr,2019,Force/Motion,Pressure,Forces/Constraint Across Joint,Worn/ free gesture,Grounded-On-Different-Body-Part,Off-The-Shelf Components,Elastic Material,https://doi.org/10.1145/3290605.3300450,ACM CHI,ElasticVR: Providing Multilevel Continuously-Changing Resistive Force and Instant Impact Using Elasticity for VR
33,choi2016wolverine,2016,Shape,Enclosure,Forces/Constraint Across Joint,Worn/ free gesture,Grounded-On-Different-Body-Part,Off-The-Shelf Components,Track + Brake,https://doi.org/10.1145/2984751.2985725,ACM UIST,Wolverine: A Wearable Haptic Interface for Grasping in VR
34.1,hinchet2018dextres,2018,None,Enclosure - Grasp,Forces/Constraint Across Joint,Worn/ free gesture,Grounded-On-Different-Body-Part,Material,String + Brake,https://doi.org/10.1145/3242587.3242658,ACM UIST,DextrES: Wearable Haptic Feedback for Grasping in VR via a Thin Form-Factor Electrostatic Brake
34.2,hinchet2018dextres,2018,None,None,Vibration,Worn/ free gesture,Grounded-On-Same-Body-Part,Off-The-Shelf Components,None,https://doi.org/10.1145/3242587.3242657,ACM UIST,DextrES: Wearable Haptic Feedback for Grasping in VR via a Thin Form-Factor Electrostatic Brake
35,lee2019torc,2019,Texture,Lateral Motion,Forces/Constraint Across Joint,Grasped/ fixed gesture,Ungrounded,Off-The-Shelf Components,None,https://doi.org/10.1145/3290605.3300301,ACM CHI,TORC: A Virtual Reality Controller for In-Hand High-Dexterity Finger Interaction
35,lee2019torc,2019,Texture,Pressure,Forces/Constraint Across Joint,Grasped/ fixed gesture,Ungrounded,Off-The-Shelf Components,None,https://doi.org/10.1145/3290605.3300301,ACM CHI,TORC: A Virtual Reality Controller for In-Hand High-Dexterity Finger Interaction
35,lee2019torc,2019,Compliance,Lateral Motion,Forces/Constraint Across Joint,Grasped/ fixed gesture,Ungrounded,Off-The-Shelf Components,None,https://doi.org/10.1145/3290605.3300301,ACM CHI,TORC: A Virtual Reality Controller for In-Hand High-Dexterity Finger Interaction
35,lee2019torc,2019,Compliance,Pressure,Forces/Constraint Across Joint,Grasped/ fixed gesture,Ungrounded,Off-The-Shelf Components,None,https://doi.org/10.1145/3290605.3300301,ACM CHI,TORC: A Virtual Reality Controller for In-Hand High-Dexterity Finger Interaction
36.1,choi2017grabity,2017,Compliance,Pressure,Forces/Constraint Across Joint,Grasped/ fixed gesture,Ungrounded,Off-The-Shelf Components,Track + Brake,https://doi.org/10.1145/3126594.3126599,ACM UIST,Grabity: A Wearable Haptic Interface for Simulating Weight and Grasping in Virtual Reality
36.1,choi2017grabity,2017,Size,Pressure,Forces/Constraint Across Joint,Grasped/ fixed gesture,Ungrounded,Off-The-Shelf Components,Track + Brake,https://doi.org/10.1145/3126594.3126599,ACM UIST,Grabity: A Wearable Haptic Interface for Simulating Weight and Grasping in Virtual Reality
36.2,choi2017grabity,2017,Mass,Unsupported Holding,Stretch On Skin,Grasped/ fixed gesture,Ungrounded,Off-The-Shelf Components,Track + Brake,https://doi.org/10.1145/3126594.3126599,ACM UIST,Grabity: A Wearable Haptic Interface for Simulating Weight and Grasping in Virtual Reality
37.1,choi2018claw,2018,Size,Grasp,Forces/Constraint Across Joint,Worn/ free gesture,Ungrounded,Off-The-Shelf Components,None,https://doi.org/10.1145/3173574.3174228,ACM CHI,"CLAW: A Multifunctional Handheld Haptic Controller for Grasping, Touching, and Triggering in Virtual Reality
"
37.1,choi2018claw,2018,Size,Touch,Forces/Constraint Across Joint,Worn/ free gesture,Ungrounded,Off-The-Shelf Components,None,https://doi.org/10.1145/3173574.3174229 ,ACM CHI,"CLAW: A Multifunctional Handheld Haptic Controller for Grasping, Touching, and Triggering in Virtual Reality
"
37.1,choi2018claw,2018,Size,Pressure,Forces/Constraint Across Joint,Worn/ free gesture,Ungrounded,Off-The-Shelf Components,None,https://doi.org/10.1145/3173574.3174229 ,ACM CHI,"CLAW: A Multifunctional Handheld Haptic Controller for Grasping, Touching, and Triggering in Virtual Reality
"
37.1,choi2018claw,2018,Mechanical Mechanisms,Grasp,Forces/Constraint Across Joint,Worn/ free gesture,Ungrounded,Off-The-Shelf Components,None,https://doi.org/10.1145/3173574.3174229 ,ACM CHI,"CLAW: A Multifunctional Handheld Haptic Controller for Grasping, Touching, and Triggering in Virtual Reality
"
37.1,choi2018claw,2018,Mechanical Mechanisms,Touch,Forces/Constraint Across Joint,Worn/ free gesture,Ungrounded,Off-The-Shelf Components,None,https://doi.org/10.1145/3173574.3174229 ,ACM CHI,"CLAW: A Multifunctional Handheld Haptic Controller for Grasping, Touching, and Triggering in Virtual Reality
"
37.1,choi2018claw,2018,Mechanical Mechanisms,Pressure,Forces/Constraint Across Joint,Worn/ free gesture,Ungrounded,Off-The-Shelf Components,None,https://doi.org/10.1145/3173574.3174228,ACM CHI,"CLAW: A Multifunctional Handheld Haptic Controller for Grasping, Touching, and Triggering in Virtual Reality
"
37.2,choi2018claw,2018,Texture,Grasp,Vibration,Worn/ free gesture,Ungrounded,Off-The-Shelf Components,None,https://doi.org/10.1145/3173574.3174228,ACM CHI,"CLAW: A Multifunctional Handheld Haptic Controller for Grasping, Touching, and Triggering in Virtual Reality
"
37.2,choi2018claw,2018,Texture,Touch,Vibration,Worn/ free gesture,Ungrounded,Off-The-Shelf Components,None,https://doi.org/10.1145/3173574.3174229 ,ACM CHI,"CLAW: A Multifunctional Handheld Haptic Controller for Grasping, Touching, and Triggering in Virtual Reality
"
37.2,choi2018claw,2018,Texture,Pressure,Vibration,Worn/ free gesture,Ungrounded,Off-The-Shelf Components,None,https://doi.org/10.1145/3173574.3174229 ,ACM CHI,"CLAW: A Multifunctional Handheld Haptic Controller for Grasping, Touching, and Triggering in Virtual Reality
"
38,sinclair2019capstancrunch,2019,Compliance,Grasp,Forces/Constraint Across Joint,Worn/ free gesture,Grounded-On-Different-Body-Part,Off-The-Shelf Components,String + Brake,https://doi.org/10.1145/3173574.3174229 ,ACM CHI,"CLAW: A Multifunctional Handheld Haptic Controller for Grasping, Touching, and Triggering in Virtual Reality
"
38,sinclair2019capstancrunch,2019,Compliance,Touch,Forces/Constraint Across Joint,Worn/ free gesture,Grounded-On-Different-Body-Part,Off-The-Shelf Components,String + Brake,https://doi.org/10.1145/3332165.3347891,ACM UIST,CapstanCrunch: A Haptic VR Controller with User-Supplied Force Feedback
38,sinclair2019capstancrunch,2019,Compliance,Pressure,Forces/Constraint Across Joint,Worn/ free gesture,Grounded-On-Different-Body-Part,Off-The-Shelf Components,String + Brake,https://doi.org/10.1145/3332165.3347891,ACM UIST,CapstanCrunch: A Haptic VR Controller with User-Supplied Force Feedback
38,sinclair2019capstancrunch,2019,Size,Grasp,Forces/Constraint Across Joint,Worn/ free gesture,Grounded-On-Different-Body-Part,Off-The-Shelf Components,String + Brake,https://doi.org/10.1145/3332165.3347891,ACM UIST,CapstanCrunch: A Haptic VR Controller with User-Supplied Force Feedback
38,sinclair2019capstancrunch,2019,Size,Touch,Forces/Constraint Across Joint,Worn/ free gesture,Grounded-On-Different-Body-Part,Off-The-Shelf Components,String + Brake,https://doi.org/10.1145/3332165.3347891,ACM UIST,CapstanCrunch: A Haptic VR Controller with User-Supplied Force Feedback
38,sinclair2019capstancrunch,2019,Size,Pressure,Forces/Constraint Across Joint,Worn/ free gesture,Grounded-On-Different-Body-Part,Off-The-Shelf Components,String + Brake,https://doi.org/10.1145/3332165.3347891,ACM UIST,CapstanCrunch: A Haptic VR Controller with User-Supplied Force Feedback
39,zhou2014rml,2015,Compliance,Pressure,Forces/Constraint Across Joint,Worn/ free gesture,Grounded-On-Different-Body-Part,Off-The-Shelf Components,Mechanical Mechanism,https://doi.org/10.1145/3332165.3347891,ACM UIST,CapstanCrunch: A Haptic VR Controller with User-Supplied Force Feedback
39,zhou2014rml,2015,Compliance,Static Contact,Forces/Constraint Across Joint,Worn/ free gesture,Grounded-On-Different-Body-Part,Off-The-Shelf Components,Mechanical Mechanism,https://ieeexplore.ieee.org/document/6750032,IEEE/ASME Transactions on Mechatronics,"RML Glove-An Exoskeleton Glove Mechanism With Haptics Feedback
"
39,zhou2014rml,2015,Shape,Pressure,Forces/Constraint Across Joint,Worn/ free gesture,Grounded-On-Different-Body-Part,Off-The-Shelf Components,Mechanical Mechanism,https://ieeexplore.ieee.org/document/6750032,IEEE/ASME Transactions on Mechatronics,"RML Glove-An Exoskeleton Glove Mechanism With Haptics Feedback
"
39,zhou2014rml,2015,Shape,Static Contact,Forces/Constraint Across Joint,Worn/ free gesture,Grounded-On-Different-Body-Part,Off-The-Shelf Components,Mechanical Mechanism,https://ieeexplore.ieee.org/document/6750032,IEEE/ASME Transactions on Mechatronics,"RML Glove-An Exoskeleton Glove Mechanism With Haptics Feedback
"
40,ben2014sensing,2015,Not Specified,Passive,Forces/Constraint Across Joint,Worn/ free gesture,Grounded-On-Different-Body-Part,Off-The-Shelf Components,Mechanical Mechanism,https://ieeexplore.ieee.org/document/6750032,IEEE/ASME Transactions on Mechatronics,"RML Glove-An Exoskeleton Glove Mechanism With Haptics Feedback
"
41,sarakoglou2016hexotrac,2016,Compliance,Pressure,Forces/Constraint Across Joint,Worn/ free gesture,Grounded-On-Different-Body-Part,Off-The-Shelf Components,Mechanical Mechanism,https://pubmed.ncbi.nlm.nih.gov/25494512/,IEEE Transactions on Neural Systems and Rehabilitation Engineering,"Sensing and Force-Feedback Exoskeleton (SAFE) Robotic Glove
"
41,sarakoglou2016hexotrac,2016,Compliance,Static Contact,Forces/Constraint Across Joint,Worn/ free gesture,Grounded-On-Different-Body-Part,Off-The-Shelf Components,Mechanical Mechanism,https://ieeexplore.ieee.org/document/7759176,IEEE/RSJ IROS,"HEXOTRAC: A highly Under-Actuated Hand Exoskeleton for Finger Tracking and Force Feedback
"
41,sarakoglou2016hexotrac,2016,Shape,Pressure,Forces/Constraint Across Joint,Worn/ free gesture,Grounded-On-Different-Body-Part,Off-The-Shelf Components,Mechanical Mechanism,https://ieeexplore.ieee.org/document/7759176,IEEE/RSJ IROS,"HEXOTRAC: A highly Under-Actuated Hand Exoskeleton for Finger Tracking and Force Feedback
"
41,sarakoglou2016hexotrac,2016,Shape,Static Contact,Forces/Constraint Across Joint,Worn/ free gesture,Grounded-On-Different-Body-Part,Off-The-Shelf Components,Mechanical Mechanism,https://ieeexplore.ieee.org/document/7759176,IEEE/RSJ IROS,"HEXOTRAC: A highly Under-Actuated Hand Exoskeleton for Finger Tracking and Force Feedback
"
42,gabardi2016new,2016,Texture,Lateral Motion,Vibration,Worn/ free gesture,Grounded-On-Same-Body-Part,Off-The-Shelf Components,Mechanical Mechanism,https://ieeexplore.ieee.org/document/7759176,IEEE/RSJ IROS,"HEXOTRAC: A highly Under-Actuated Hand Exoskeleton for Finger Tracking and Force Feedback
"
42,gabardi2016new,2016,Texture,Lateral Motion,Stretch On Skin,Worn/ free gesture,Grounded-On-Same-Body-Part,Off-The-Shelf Components,Mechanical Mechanism,https://ieeexplore.ieee.org/document/7463168,IEEE HAPTICS,"A New Wearable Fingertip Haptic Interface for the Rendering of Virtual Shapes and Surface Features
"
42,gabardi2016new,2016,Texture,Static Contact,Vibration,Worn/ free gesture,Grounded-On-Same-Body-Part,Off-The-Shelf Components,Mechanical Mechanism,https://ieeexplore.ieee.org/document/7463168,IEEE HAPTICS,"A New Wearable Fingertip Haptic Interface for the Rendering of Virtual Shapes and Surface Features
"
42,gabardi2016new,2016,Texture,Static Contact,Stretch On Skin,Worn/ free gesture,Grounded-On-Same-Body-Part,Off-The-Shelf Components,Mechanical Mechanism,https://ieeexplore.ieee.org/document/7463168,IEEE HAPTICS,"A New Wearable Fingertip Haptic Interface for the Rendering of Virtual Shapes and Surface Features
"
43,kim2016hapthimble,2016,Texture,Lateral Motion,Vibration,Worn/ free gesture,Grounded-On-Same-Body-Part,Off-The-Shelf Components,Mechanical Mechanism,https://ieeexplore.ieee.org/document/7463168,IEEE HAPTICS,"A New Wearable Fingertip Haptic Interface for the Rendering of Virtual Shapes and Surface Features
"
43,kim2016hapthimble,2016,Texture,Lateral Motion,Stretch On Skin,Worn/ free gesture,Grounded-On-Same-Body-Part,Off-The-Shelf Components,Mechanical Mechanism,https://doi.org/10.1145/2858036.2858196,ACM CHI,"HapThimble: A Wearable Haptic Device towards Usable Virtual Touch Screen
"
43,kim2016hapthimble,2016,Texture,Static Contact,Vibration,Worn/ free gesture,Grounded-On-Same-Body-Part,Off-The-Shelf Components,Mechanical Mechanism,https://doi.org/10.1145/2858036.2858196,ACM CHI,"HapThimble: A Wearable Haptic Device towards Usable Virtual Touch Screen
"
43,kim2016hapthimble,2016,Texture,Static Contact,Stretch On Skin,Worn/ free gesture,Grounded-On-Same-Body-Part,Off-The-Shelf Components,Mechanical Mechanism,https://doi.org/10.1145/2858036.2858196,ACM CHI,"HapThimble: A Wearable Haptic Device towards Usable Virtual Touch Screen
"
44,chinello2015design,2015,Texture,Lateral Motion,Stretch On Skin,Worn/ free gesture,Grounded-On-Same-Body-Part,Off-The-Shelf Components,Mechanical Mechanism,https://doi.org/10.1145/2858036.2858196,ACM CHI,"HapThimble: A Wearable Haptic Device towards Usable Virtual Touch Screen
"
44,chinello2015design,2015,Texture,Static Contact,Stretch On Skin,Worn/ free gesture,Grounded-On-Same-Body-Part,Off-The-Shelf Components,Mechanical Mechanism,https://ieeexplore.ieee.org/document/7222547,IEEE AIM,"Design and development of a 3RRS wearable fingertip cutaneous device
"
45,kim2021heterogeneous,2021,Shape,Function Test,Vibration,Worn/ free gesture,Grounded-On-Same-Body-Part,Off-The-Shelf Components,Spatial Distribution,https://ieeexplore.ieee.org/document/7222547,IEEE AIM,"Design and development of a 3RRS wearable fingertip cutaneous device
"
46,yoshida2020pocopo,2020,Curvature,Static Contact,Partial Proximate Object,Grasped/ fixed gesture,Ungrounded,Off-The-Shelf Components,Spatial Distribution,https://dl.acm.org/doi/10.1145/3411764.3445448,ACM CHI,Heterogeneous Stroke: Using Unique Vibration Cues to Improve the Wrist-Worn Spatiotemporal Tactile Display
46,yoshida2020pocopo,2020,Shape,Static Contact,Partial Proximate Object,Grasped/ fixed gesture,Ungrounded,Off-The-Shelf Components,Spatial Distribution,https://doi.org/10.1145/3313831.3376358,ACM CHI,PoCoPo: Handheld Pin-Based Shape Display for Haptic Rendering in Virtual Reality
47,bianchi2016wearable,2016,Compliance,Pressure,Partial Proximate Object,Worn/ free gesture,Grounded-On-Same-Body-Part,Off-The-Shelf Components,Elastic Material,https://doi.org/10.1145/3313831.3376358,ACM CHI,PoCoPo: Handheld Pin-Based Shape Display for Haptic Rendering in Virtual Reality
48,mazursky2021magnetio,2021,Abstracted,Function Test,Vibration,Worn/ free gesture,Grounded-On-Same-Body-Part,Off-The-Shelf Components,None,https://ieeexplore.ieee.org/document/7463190,IEEE HAPTICS,A Wearable Fabric-based Display for Haptic Multi-Cue Delivery
49,nakanishi2014remote,2014,Others,Others,Whole Proximate Object,Encountered/free gesture,Grounded-Off-Body,Off-The-Shelf Components,Mechanical Mechanism,https://dl.acm.org/doi/10.1145/3411764.3445543,ACM CHI,MagnetIO: Passive yet Interactive Soft Haptic Patches Anywhere
50,young20215.0 Ungrounded,2021,Shape,Static Contact,Vibration,Grasped/ fixed gesture,Ungrounded,Off-The-Shelf Components,None,https://dl.acm.org/doi/abs/10.1145/2556288.2557169,ACM CHI,Remote handshaking: touch enhances video-mediated social telepresence
50,young20215.0 Ungrounded,2021,Shape,Pressure,Vibration,Grasped/ fixed gesture,Ungrounded,Off-The-Shelf Components,None,https://ieeexplore.ieee.org/document/8643741,IEEE Transactions on Industrial Electronics,"A Soft and Transparent Visuo-Haptic Interface Pursuing Wearable Devices
"
50,young20215.0 Ungrounded,2021,Mass,Static Contact,Vibration,Grasped/ fixed gesture,Ungrounded,Off-The-Shelf Components,None,https://doi.org/10.1145/3025453.3025744,ACM CHI,"Fingertip Tactile Devices for Virtual Object Manipulation and Exploration

"
50,young20215.0 Ungrounded,2021,Mass,Pressure,Vibration,Grasped/ fixed gesture,Ungrounded,Off-The-Shelf Components,None,https://doi.org/10.1145/3025453.3025744,ACM CHI,"Fingertip Tactile Devices for Virtual Object Manipulation and Exploration

"
51,yun2019soft,2020,Not Specified,Passive,Stretch On Skin,Encountered/free gesture,Grounded-On-Different-Body-Part,Material,Spatial Distribution,https://doi.org/10.1145/3025453.3025744,ACM CHI,"Fingertip Tactile Devices for Virtual Object Manipulation and Exploration

"
52,schorr2017fingertip,2017,Texture,Pressure,Stretch On Skin,Worn/ free gesture,Grounded-On-Same-Body-Part,Off-The-Shelf Components,Mechanical Mechanism,https://doi.org/10.1145/3025453.3025744,ACM CHI,"Fingertip Tactile Devices for Virtual Object Manipulation and Exploration

"
52,schorr2017fingertip,2017,Texture,Unsupported Holding,Stretch On Skin,Worn/ free gesture,Grounded-On-Same-Body-Part,Off-The-Shelf Components,Mechanical Mechanism,https://doi.org/10.1145/3025453.3025744,ACM CHI,"Fingertip Tactile Devices for Virtual Object Manipulation and Exploration

"
52,schorr2017fingertip,2017,Compliance,Pressure,Stretch On Skin,Worn/ free gesture,Grounded-On-Same-Body-Part,Off-The-Shelf Components,Mechanical Mechanism,https://doi.org/10.1145/3025453.3025744,ACM CHI,"Fingertip Tactile Devices for Virtual Object Manipulation and Exploration

"
52,schorr2017fingertip,2017,Compliance,Unsupported Holding,Stretch On Skin,Worn/ free gesture,Grounded-On-Same-Body-Part,Off-The-Shelf Components,Mechanical Mechanism,https://ieeexplore.ieee.org/document/8048023,IEEE Transactions on Haptics,"A Three Revolute-Revolute-Spherical Wearable Fingertip Cutaneous Device for Stiffness Rendering
"
52,schorr2017fingertip,2017,Mass,Pressure,Stretch On Skin,Worn/ free gesture,Grounded-On-Same-Body-Part,Off-The-Shelf Components,Mechanical Mechanism,https://ieeexplore.ieee.org/document/8048023,IEEE Transactions on Haptics,"A Three Revolute-Revolute-Spherical Wearable Fingertip Cutaneous Device for Stiffness Rendering
"
52,schorr2017fingertip,2017,Mass,Unsupported Holding,Stretch On Skin,Worn/ free gesture,Grounded-On-Same-Body-Part,Off-The-Shelf Components,Mechanical Mechanism,https://ieeexplore.ieee.org/document/7784835,IEEE Transactions on Haptics,"A 3-RSR Haptic Wearable Device for Rendering Fingertip Contact Forces
"
53,chinello2017three,2018,Compliance,Static Contact,Stretch On Skin,Worn/ free gesture,Grounded-On-Same-Body-Part,Off-The-Shelf Components,Mechanical Mechanism,https://ieeexplore.ieee.org/document/7784835,IEEE Transactions on Haptics,"A 3-RSR Haptic Wearable Device for Rendering Fingertip Contact Forces
"
53,chinello2017three,2018,Compliance,Pressure,Stretch On Skin,Worn/ free gesture,Grounded-On-Same-Body-Part,Off-The-Shelf Components,Mechanical Mechanism,https://ieeexplore.ieee.org/abstract/document/8730428,IEEE Transactions on Haptics,FW-Touch: A Finger Wearable Haptic Interface With an MR Foam Actuator for Displaying Surface Material Properties on a Touch Screen
54,leonardis20163,2017,Compliance,Static Contact,Stretch On Skin,Worn/ free gesture,Grounded-On-Same-Body-Part,Off-The-Shelf Components,Mechanical Mechanism,https://ieeexplore.ieee.org/abstract/document/8730428,IEEE Transactions on Haptics,FW-Touch: A Finger Wearable Haptic Interface With an MR Foam Actuator for Displaying Surface Material Properties on a Touch Screen
54,leonardis20163,2017,Compliance,Pressure,Stretch On Skin,Worn/ free gesture,Grounded-On-Same-Body-Part,Off-The-Shelf Components,Mechanical Mechanism,https://ieeexplore.ieee.org/abstract/document/8730428,IEEE Transactions on Haptics,FW-Touch: A Finger Wearable Haptic Interface With an MR Foam Actuator for Displaying Surface Material Properties on a Touch Screen
55,chen2019fw,2019,Texture,Pressure,Stretch On Skin,Worn/ free gesture,Grounded-On-Same-Body-Part,Off-The-Shelf Components,None,https://ieeexplore.ieee.org/abstract/document/8730428,IEEE Transactions on Haptics,FW-Touch: A Finger Wearable Haptic Interface With an MR Foam Actuator for Displaying Surface Material Properties on a Touch Screen
55,chen2019fw,2019,Texture,Lateral Motion,Stretch On Skin,Worn/ free gesture,Grounded-On-Same-Body-Part,Off-The-Shelf Components,None,https://dl.acm.org/doi/10.1145/3411764.3445463,ACM CHI,Juicy Haptic Design: Vibrotactile Embellishments Can Improve Player Experience in Games
55,chen2019fw,2019,Compliance,Pressure,Stretch On Skin,Worn/ free gesture,Grounded-On-Same-Body-Part,Off-The-Shelf Components,None,https://dl.acm.org/doi/10.1145/3411764.3445463,ACM CHI,Juicy Haptic Design: Vibrotactile Embellishments Can Improve Player Experience in Games
55,chen2019fw,2019,Compliance,Lateral Motion,Stretch On Skin,Worn/ free gesture,Grounded-On-Same-Body-Part,Off-The-Shelf Components,None,https://ieeexplore.ieee.org/document/7027232,IEEE Transactions on Haptics,"Sensory Substitution and Augmentation Using 3-Degree-of-Freedom Skin Deformation Feedback
"
56,singhal2021juicy,2021,Compliance,Passive,Vibration,Encountered/free gesture,Ungrounded,Off-The-Shelf Components,None,https://doi.org/10.1145/3126594.3126622,ACM UIST,Frictio: Passive Kinesthetic Force Feedback for Smart Ring Output
56,singhal2021juicy,2021,Force/Motion,Passive,Vibration,Encountered/free gesture,Ungrounded,Off-The-Shelf Components,None,https://dl.acm.org/doi/10.1145/3025453.3025741,ACM CHI,WAVES: A Wearable Asymmetric Vibration Excitation System for Presenting Three-Dimensional Translation and Rotation Cues
57,quek2015sensory,2015,Not Specified,Tool-Mediated,Stretch On Skin,Grasped/ fixed gesture,Grounded-Off-Body,Off-The-Shelf Components,Mechanical Mechanism,https://ieeexplore.ieee.org/document/8103791,IEEE Transactions on Visualization and Computer Graphics,Magnetic Levitation Haptic Augmentation for Virtual Tissue Stiffness Perception
58,han2017frictio,2017,Abstracted,Others,Forces/Constraint Across Joint,Encountered/free gesture,Grounded-On-Different-Body-Part,Off-The-Shelf Components,Track + Brake,https://doi.org/10.1109/HAPTICS45997.2020.ras.HAP20.33.99093c10,IEEE HAPTICS,Contact-free Nonplanar Haptics with a Spherical Electromagnet
59,culbertson2017waves,2017,Abstracted,Passive,Vibration,Worn/ free gesture,Grounded-On-Same-Body-Part,Off-The-Shelf Components,Asysmetric Vibration,https://doi.org/10.1145/3341163.3346935,ACM ISWC,"Iterative Design and Development of Remotely-Controllable, Dynamic Compression Garment for Novel Haptic Experiences"
60,tong2017magnetic,2018,Compliance,Tool-Mediated,Partial Proximate Object,Grasped/ fixed gesture,Grounded-Off-Body,Material,Spatial Distribution,https://doi.org/10.1145/3173574.3173894,ACM CHI,Force Jacket: Pneumatically-Actuated Jacket for Embodied Haptic Experiences
61,zarate2020contact,2020,Not Specified,Tool-Mediated,Partial Proximate Object,Grasped/ fixed gesture,Grounded-Off-Body,Material,None,https://doi.org/10.1145/3173574.3173894,ACM CHI,Force Jacket: Pneumatically-Actuated Jacket for Embodied Haptic Experiences
62,foo2019iterative,2019,Abstracted,Passive,Stretch On Skin,Worn/ free gesture,Grounded-On-Same-Body-Part,Material,Spatial Distribution,https://doi.org/10.1145/3313831.3376333,ACM CHI,"PneuSleeve: In-Fabric Multimodal Actuation and Sensing in a Soft, Compact, and Expressive Haptic Sleeve"
63,delazio2018force,2018,Abstracted,Passive,Vibration,Worn/ free gesture,Grounded-On-Same-Body-Part,Off-The-Shelf Components,Spatial Distribution,https://doi.org/10.1145/3313831.3376333,ACM CHI,"PneuSleeve: In-Fabric Multimodal Actuation and Sensing in a Soft, Compact, and Expressive Haptic Sleeve"
63,delazio2018force,2018,Abstracted,Passive,Stretch On Skin,Worn/ free gesture,Grounded-On-Same-Body-Part,Off-The-Shelf Components,Spatial Distribution,https://doi.org/10.1145/3313831.3376491,ACM CHI,Touch Me Gently: Recreating the Perception of Touch Using a Shape-Memory Alloy Matrix
64,zhu2020pneusleeve,2020,Abstracted,Passive,Vibration,Worn/ free gesture,Grounded-On-Same-Body-Part,Off-The-Shelf Components,Spatial Distribution,https://doi.org/10.1145/3313831.3376491,ACM CHI,Touch Me Gently: Recreating the Perception of Touch Using a Shape-Memory Alloy Matrix
64,zhu2020pneusleeve,2020,Abstracted,Passive,Stretch On Skin,Worn/ free gesture,Grounded-On-Same-Body-Part,Off-The-Shelf Components,Spatial Distribution,https://doi.org/10.1145/3242587.3242667,ACM UIST,HydroRing: Supporting Mixed Reality Haptics Using Liquid Flow
65,muthukumarana2020touch,2020,Abstracted,Passive,Vibration,Worn/ free gesture,Grounded-On-Same-Body-Part,Material,Spatial Distribution,https://doi.org/10.1145/3242587.3242667,ACM UIST,HydroRing: Supporting Mixed Reality Haptics Using Liquid Flow
65,muthukumarana2020touch,2020,Abstracted,Passive,Stretch On Skin,Worn/ free gesture,Grounded-On-Same-Body-Part,Material,Spatial Distribution,https://doi.org/10.1145/3242587.3242667,ACM UIST,HydroRing: Supporting Mixed Reality Haptics Using Liquid Flow
66,han2018hydroring,2018,Not Specified,Not Specified,Vibration,Worn/ free gesture,Grounded-On-Same-Body-Part,Material,Others,https://doi.org/10.1145/3242587.3242667,ACM UIST,HydroRing: Supporting Mixed Reality Haptics Using Liquid Flow
66,han2018hydroring,2018,Not Specified,Not Specified,Vibration,Worn/ free gesture,Grounded-On-Same-Body-Part,Off-The-Shelf Components,Others,https://doi.org/10.1145/3313831.3376190,ACM CHI,HapBead: On-Skin Microfluidic Haptic Interface Using Tunable Bead
66,han2018hydroring,2018,Not Specified,Not Specified,Stretch On Skin,Worn/ free gesture,Grounded-On-Same-Body-Part,Material,Others,https://doi.org/10.1145/3313831.3376190,ACM CHI,HapBead: On-Skin Microfluidic Haptic Interface Using Tunable Bead
66,han2018hydroring,2018,Not Specified,Not Specified,Stretch On Skin,Worn/ free gesture,Grounded-On-Same-Body-Part,Off-The-Shelf Components,Others,https://doi.org/10.1145/3290605.3300718,ACM CHI,"Springlets: Expressive, Flexible and Silent On-Skin Tactile Interfaces"
67,han2020hapbead,2020,Not Specified,Not Specified,Vibration,Worn/ free gesture,Grounded-On-Same-Body-Part,Material,Others,https://doi.org/10.1145/3290605.3300718,ACM CHI,"Springlets: Expressive, Flexible and Silent On-Skin Tactile Interfaces"
67,han2020hapbead,2020,Not Specified,Not Specified,Vibration,Worn/ free gesture,Grounded-On-Same-Body-Part,Off-The-Shelf Components,Others,https://doi.org/10.1145/2702123.2702459,ACM CHI,"Skin Drag Displays: Dragging a Physical Tactor across the User's Skin Produces a Stronger Tactile Stimulus than Vibrotactile
"
68,hamdan2019springlets,2019,Abstracted,Passive,Stretch On Skin,Worn/ free gesture,Grounded-On-Same-Body-Part,Material,Modularization,https://doi.org/10.1145/3313831.3376700,ACM CHI,A Skin-Stroke Display on the Eye-Ring Through Head-Mounted Displays
68,hamdan2019springlets,2019,Abstracted,Passive,Stretch On Skin,Worn/ free gesture,Grounded-On-Same-Body-Part,Material,Spatial Distribution,https://doi.org/10.1145/3173574.3174116,ACM CHI,PokeRing: Notifications by Poking Around the Finger
69,ion2015skin,2015,Abstracted,Passive,Stretch On Skin,Worn/ free gesture,Grounded-On-Same-Body-Part,Off-The-Shelf Components,Mechanical Mechanism,https://doi.org/10.1145/3126594.3126609,ACM UIST,"MagTics: Flexible and Thin Form Factor Magnetic Actuators for Dynamic and Wearable Haptic Feedback
"
70,tseng2020skin,2020,Abstracted,Passive,Others,Worn/ free gesture,Grounded-On-Same-Body-Part,Off-The-Shelf Components,Spatial Distribution,"https://www.sciencedirect.com/science/article/abs/pii/S0924424715302090#:~:text=The%20proposed%20multimodal%20tactile%20display,patterns%20to%20the%20operator's%20skin.&text=The%20tactile%20module%20consists%20of,array%20of%20four%20tactile%20cells.",Sensors and Actuators A: Physical,"A flexible multimodal tactile display for delivering shape and material information
"
71,je2018pokering,2018,Abstracted,Passive,Stretch On Skin,Worn/ free gesture,Grounded-On-Same-Body-Part,Material,Spatial Distribution,"https://www.sciencedirect.com/science/article/abs/pii/S0924424715302090#:~:text=The%20proposed%20multimodal%20tactile%20display,patterns%20to%20the%20operator's%20skin.&text=The%20tactile%20module%20consists%20of,array%20of%20four%20tactile%20cells.",Sensors and Actuators A: Physical,"A flexible multimodal tactile display for delivering shape and material information
"
72,pece2017magtics,2017,Abstracted,Passive,Stretch On Skin,Worn/ free gesture,Grounded-On-Same-Body-Part,Material,Spatial Distribution,https://link.springer.com/article/10.1007/s11012-015-0270-5#citeas,Soft Mechatronics,"Tactile display with rigid coupling based on soft actuator
"
73,gallo2015flexible,2015,Compliance,Not Specified,Whole Proximate Object,Worn/ free gesture,Grounded-On-Same-Body-Part,Material,Spatial Distribution,https://link.springer.com/article/10.1007/s11012-015-0270-5#citeas,Soft Mechatronics,"Tactile display with rigid coupling based on soft actuator
"
73,gallo2015flexible,2015,Shape,Not Specified,Whole Proximate Object,Worn/ free gesture,Grounded-On-Same-Body-Part,Material,Spatial Distribution,https://onlinelibrary.wiley.com/doi/abs/10.1002/adma.201700880,Advanced Materials,"Flexible Zinc-Tin Oxide Thin Film Transistors Operating at 1 kV for Integrated Switching of Dielectric Elastomer Actuators Arrays
"
74,phung2015tactile,2015,Not Specified,Not Specified,Vibration,Encountered/free gesture,Grounded-On-Same-Body-Part,Material,Others,https://ieeexplore.ieee.org/abstract/document/8713412,IEEE/ASME Transactions on Mechatronics,Development of a Multidirectional Controlled Small-Scale Spherical MR Actuator for Haptic Applications
74,phung2015tactile,2015,Not Specified,Not Specified,Stretch On Skin,Encountered/free gesture,Grounded-On-Same-Body-Part,Material,Others,https://doi.org/10.1145/2702123.2702569,ACM CHI,3D Printing Pneumatic Device Controls with Variable Activation Force Capabilities
75,marette2017flexible,2017,Not Specified,Not Specified,Partial Proximate Object,Encountered/free gesture,Grounded-On-Same-Body-Part,Material,Spatial Distribution,https://doi.org/10.1145/3313831.3376655,ACM CHI,Kirigami Haptic Swatches: Design Methods for Cut-and-Fold Haptic Feedback Mechanisms
76,chen2019development,2019,Not Specified,Not Specified,Partial Proximate Object,Encountered/free gesture,Ungrounded,Material,None,https://doi.org/10.1145/3173574.3174024,ACM CHI,Double-Sided Printed Tactile Display with Electro Stimuli and Electrostatic Forces and Its Assessment
77,vazquez20153d,2015,Mechanical Mechanisms,All,Whole Proximate Object,Encountered/free gesture,Ungrounded,Off-The-Shelf Components,None,https://doi.org/10.1145/3294109.3295622,ACM TEI,Mechamagnets: Designing and Fabricating Haptic and Functional Physical Inputs with Embedded Magnets
78,chang2020kirigami,2020,Mechanical Mechanisms,All,Whole Proximate Object,Encountered/free gesture,Ungrounded,Passive,Modularization,https://doi.org/10.1145/2702123.2702516,ACM CHI,FluxPaper: Reinventing Paper with Dynamic Actuation Powered by Magnetic Flux
79,kato2018double,2018,Texture,Lateral Motion,Others,Worn/ free gesture,Grounded-On-Same-Body-Part,Material,Others,https://doi.org/10.1145/3290605.3300470,ACM CHI,Magnetact: Magnetic-Sheet-Based Haptic Interfaces for Touch Devices
80,zheng2019mechamagnets,2019,Mechanical Mechanisms,All,Whole Proximate Object,Encountered/free gesture,Ungrounded,Passive,Modularization,https://doi.org/10.1145/3242587.3242615,ACM UIST,Magneto-Haptics: Embedding Magnetic Force Feedback for Physical Interactions
81,ogata2015fluxpaper,2015,Mechanical Mechanisms,All,Whole Proximate Object,Encountered/free gesture,Ungrounded,Passive,None,https://doi.org/10.1145/3025453.3025702,ACM CHI,Magnetic Plotter: A Macrotexture Design Method Using Magnetic Rubber Sheets
82,yasu2019magnetact,2019,Mechanical Mechanisms,All,Whole Proximate Object,Encountered/free gesture,Ungrounded,Passive,Modularization,https://doi.org/10.1145/3313831.3376552,ACM CHI,MagneLayer: Force Field Fabrication by Layered Magnetic Sheets
83,ogata2018magneto,2018,Mechanical Mechanisms,All,Whole Proximate Object,Encountered/free gesture,Ungrounded,Passive,Spatial Distribution,https://doi.org/10.1145/3290605.3300638,ACM CHI,Magnetips: Combining Fingertip Tracking and Haptic Feedback for Around-Device Interaction
84,yasu2017magnetic,2017,Mechanical Mechanisms,All,Whole Proximate Object,Encountered/free gesture,Ungrounded,Passive,None,https://dl.acm.org/doi/10.1145/3379337.3415836,ACM UIST,ElastiLinks: Force Feedback between VR Controllers with Dynamic Points of Application of Force
85,yasu2020magnelayer,2020,Mechanical Mechanisms,All,Whole Proximate Object,Encountered/free gesture,Ungrounded,Passive,Spatial Distribution,https://dl.acm.org/doi/10.1145/3379337.3415836,ACM UIST,ElastiLinks: Force Feedback between VR Controllers with Dynamic Points of Application of Force
86,mcintosh2019magnetips,2019,Abstracted,Not Specified,Forces/Constraint Across Joint,Worn/ free gesture,Grounded-On-Different-Body-Part,Material,Others,https://dl.acm.org/doi/10.1145/3379337.3415836,ACM UIST,ElastiLinks: Force Feedback between VR Controllers with Dynamic Points of Application of Force
87,wei2020elastilinks,2020,Force/Motion,Function Test,Whole Proximate Object,Grasped/ fixed gesture,Grounded-Off-Body,Off-The-Shelf Components,Elastic Material,https://dl.acm.org/doi/10.1145/3379337.3415836,ACM UIST,ElastiLinks: Force Feedback between VR Controllers with Dynamic Points of Application of Force
87,wei2020elastilinks,2020,Force/Motion,Function Test,Whole Proximate Object,Grasped/ fixed gesture,Ungrounded,Off-The-Shelf Components,Elastic Material,https://dl.acm.org/doi/10.1145/3379337.3415836,ACM UIST,ElastiLinks: Force Feedback between VR Controllers with Dynamic Points of Application of Force
87,wei2020elastilinks,2020,Force/Motion,Function Test,Whole Proximate Object,Grasped/ fixed gesture,Grounded-On-Different-Body-Part,Off-The-Shelf Components,Elastic Material,https://dl.acm.org/doi/10.1145/3379337.3415836,ACM UIST,ElastiLinks: Force Feedback between VR Controllers with Dynamic Points of Application of Force
87,wei2020elastilinks,2020,Force/Motion,Function Test,Whole Proximate Object,Grasped/ fixed gesture,Grounded-Off-Body,Off-The-Shelf Components,Mechanical Mechanism,https://dl.acm.org/doi/10.1145/3379337.3415836,ACM UIST,ElastiLinks: Force Feedback between VR Controllers with Dynamic Points of Application of Force
87,wei2020elastilinks,2020,Force/Motion,Function Test,Whole Proximate Object,Grasped/ fixed gesture,Ungrounded,Off-The-Shelf Components,Mechanical Mechanism,https://dl.acm.org/doi/10.1145/3379337.3415836,ACM UIST,ElastiLinks: Force Feedback between VR Controllers with Dynamic Points of Application of Force
87,wei2020elastilinks,2020,Force/Motion,Function Test,Whole Proximate Object,Grasped/ fixed gesture,Grounded-On-Different-Body-Part,Off-The-Shelf Components,Mechanical Mechanism,https://dl.acm.org/doi/10.1145/3379337.3415836,ACM UIST,ElastiLinks: Force Feedback between VR Controllers with Dynamic Points of Application of Force
87,wei2020elastilinks,2020,Force/Motion,Part Motion Test,Whole Proximate Object,Grasped/ fixed gesture,Grounded-Off-Body,Off-The-Shelf Components,Elastic Material,https://dl.acm.org/doi/10.1145/3379337.3415836,ACM UIST,ElastiLinks: Force Feedback between VR Controllers with Dynamic Points of Application of Force
87,wei2020elastilinks,2020,Force/Motion,Part Motion Test,Whole Proximate Object,Grasped/ fixed gesture,Ungrounded,Off-The-Shelf Components,Elastic Material,https://dl.acm.org/doi/10.1145/3379337.3415836,ACM UIST,ElastiLinks: Force Feedback between VR Controllers with Dynamic Points of Application of Force
87,wei2020elastilinks,2020,Force/Motion,Part Motion Test,Whole Proximate Object,Grasped/ fixed gesture,Grounded-On-Different-Body-Part,Off-The-Shelf Components,Elastic Material,https://dl.acm.org/doi/10.1145/3379337.3415836,ACM UIST,ElastiLinks: Force Feedback between VR Controllers with Dynamic Points of Application of Force
87,wei2020elastilinks,2020,Force/Motion,Part Motion Test,Whole Proximate Object,Grasped/ fixed gesture,Grounded-Off-Body,Off-The-Shelf Components,Mechanical Mechanism,https://dl.acm.org/doi/fullHtml/10.1145/3472749.3474781,ACM UIST,MotionRing: Creating Illusory Tactile Motion around the Head using 360ยกรฃ Vibrotactile Headbands Shao-Yu
87,wei2020elastilinks,2020,Force/Motion,Part Motion Test,Whole Proximate Object,Grasped/ fixed gesture,Ungrounded,Off-The-Shelf Components,Mechanical Mechanism,https://dl.acm.org/doi/10.1145/3472749.3474772,ACM UIST,VHP: Vibrotactile Haptics Platform for On-body Applications
87,wei2020elastilinks,2020,Force/Motion,Part Motion Test,Whole Proximate Object,Grasped/ fixed gesture,Grounded-On-Different-Body-Part,Off-The-Shelf Components,Mechanical Mechanism,https://www.sciencedirect.com/science/article/abs/pii/S0925400515008461,Sensors and Actuators B: Chemical,"Haptic feedback using an all-organic electroactive polymer composite
"
88,chu2021motionring,2021,Effects,Function Test,Vibration,Worn/ free gesture,Grounded-On-Same-Body-Part,Off-The-Shelf Components,Spatial Distribution,https://dl.acm.org/doi/10.1145/3379337.3415854,ACM UIST,Haptic PIVOT: On-Demand Handhelds in VR
89,dementyev2021vhp,2021,Texture,None,Vibration,Worn/ free gesture,Grounded-On-Same-Body-Part,Off-The-Shelf Components,Spatial Distribution,https://dl.acm.org/doi/10.1145/3379337.3415854,ACM UIST,Haptic PIVOT: On-Demand Handhelds in VR
90,ganet2015haptic,2015,Not Specified,None,Vibration,Not specified,Not Specified,Material,Spatial Distribution,https://dl.acm.org/doi/10.1145/3379337.3415854,ACM UIST,Haptic PIVOT: On-Demand Handhelds in VR
91,kovacs2020haptic,2020,Effects,Unsupported Holding&Enclosure,Whole Proximate Object,Encountered/free gesture,Grounded-On-Different-Body-Part,Off-The-Shelf Components,None,https://dl.acm.org/doi/10.1145/3379337.3415854,ACM UIST,Haptic PIVOT: On-Demand Handhelds in VR
91,kovacs2020haptic,2020,Effects,Others,Whole Proximate Object,Encountered/free gesture,Grounded-On-Different-Body-Part,Off-The-Shelf Components,None,https://dl.acm.org/doi/10.1145/3379337.3415854,ACM UIST,Haptic PIVOT: On-Demand Handhelds in VR
91,kovacs2020haptic,2020,Effects,Throwing,Whole Proximate Object,Encountered/free gesture,Grounded-On-Different-Body-Part,Off-The-Shelf Components,None,https://dl.acm.org/doi/10.1145/3379337.3415854,ACM UIST,Haptic PIVOT: On-Demand Handhelds in VR
91,kovacs2020haptic,2020,Size&Mass,Unsupported Holding&Enclosure,Whole Proximate Object,Encountered/free gesture,Grounded-On-Different-Body-Part,Off-The-Shelf Components,None,https://doi.org/10.1145/3266037.3266082,ACM UIST,Pushables: A DIY Approach for Fabricating Customizable and Self-Contained Tactile Membrane Dome Switches
91,kovacs2020haptic,2020,Size&Mass,Others,Whole Proximate Object,Encountered/free gesture,Grounded-On-Different-Body-Part,Off-The-Shelf Components,None,https://doi.org/10.1145/3313831.3376512,ACM CHI,Chasm: A Screw Based Expressive Compact Haptic Actuator
91,kovacs2020haptic,2020,Size&Mass,Throwing,Whole Proximate Object,Encountered/free gesture,Grounded-On-Different-Body-Part,Off-The-Shelf Components,None,https://doi.org/10.1145/3313831.3376512,ACM CHI,Chasm: A Screw Based Expressive Compact Haptic Actuator
92,klamka2018pushables,2018,Mechanical Mechanisms,Pressure,Whole Proximate Object,Encountered/free gesture,Ungrounded,Passive,None,https://dl.acm.org/doi/10.1145/3025453.3026009,ACM CHI,VaiR: Simulating 3D Airflows in Virtual Reality
93,preechayasomboon2020chasm,2020,Abstracted,Pressure,Vibration,Grasped/ fixed gesture,Ungrounded,Material,Mechanical Mechanism,https://doi.org/10.1145/3313831.3376292,ACM CHI,Miniature Haptics: Experiencing Haptic Feedback through Hand-Based and Embodied Avatars
93,preechayasomboon2020chasm,2020,Abstracted,Pressure,Stretch On Skin,Grasped/ fixed gesture,Ungrounded,Material,Mechanical Mechanism,https://doi.org/10.1145/2858036.2858481,ACM CHI,"HaptoClone (Haptic-Optical Clone) for Mutual Tele-Environment by Real-time 3D Image Transfer with Midair Force Feedback
"
94,rietzler2017vair,2017,Others,Passive,Others,Worn/ free gesture,Grounded-On-Same-Body-Part,Off-The-Shelf Components,Spatial Distribution,https://ieeexplore.ieee.org/document/7565473,IEEE ACCESS,"Haptogram: Ultrasonic Point-Cloud Tactile Stimulation
"
95,wang2020miniature,2020,Others,Others,Partial Proximate Object,Encountered/free gesture,Grounded-Off-Body,Off-The-Shelf Components,Others,https://doi.org/10.1145/3321335.3324939,ACM PerDis,Enhancing physical objects with actuated levitating particles
96,makino2016haptoclone,2016,Abstracted,Static Contact,Vibration,Encountered/free gesture,Grounded-Off-Body,Off-The-Shelf Components,None,https://ieeexplore.ieee.org/document/8633421,IEEE Transactions on Haptics,Creating an Illusion of Movement between the Hands Using Mid-Air Touch
97,korres2016haptogram,2016,Shape,Scanning,Vibration,Encountered/free gesture,Grounded-Off-Body,Off-The-Shelf Components,None,https://ieeexplore.ieee.org/document/8816101,IEEE WHC,Midair Click of Dual-Layer Haptic Button
98,freeman2019enhancing,2019,Others,Scanning,Others,Encountered/free gesture,Grounded-Off-Body,Off-The-Shelf Components,None,https://ieeexplore.ieee.org/document/8816137/,IEEE WHC,Ultrasound Rendering of Tactile Interaction with Fluids
99,pittera2019creating,2019,Abstracted,Passive,Vibration,Encountered/free gesture,Grounded-Off-Body,Off-The-Shelf Components,None,https://ieeexplore.ieee.org/document/8920969/,IEEE HAVE,Using Ultrasonic Mid-air Haptic Patterns in Multi-Modal User Experiences
100,ito2019midair,2019,Mechanical Mechanisms,Pressure,Vibration,Encountered/free gesture,Grounded-Off-Body,Off-The-Shelf Components,None,https://doi.org/10.1145/3290605.3300905,ACM CHI,Adding Proprioceptive Feedback to Virtual Reality Experiences Using Galvanic Vestibular Stimulation Share on
101,barreiro2019ultrasound,2019,Others,All,Partial Proximate Object,Encountered/free gesture,Grounded-Off-Body,Off-The-Shelf Components,None,https://dl.acm.org/doi/10.1145/3332165.3347955,ACM UIST,M-Hair: Creating Novel Tactile Feedback by Augmenting the Body Hair to Respond to Magnetic Field
102,ablart2019using,2019,Abstracted,Passive,Partial Proximate Object,Encountered/free gesture,Grounded-Off-Body,Off-The-Shelf Components,None,https://doi.org/10.1145/2807442.2807443,ACM UIST,"Impacto: Simulating Physical Impact by Combining Tactile Stimulation with Electrical Muscle Stimulation
"
103,sra2019adding,2019,Effects,Passive,Others,Worn/ free gesture,Grounded-On-Same-Body-Part,None,None,https://doi.org/10.1145/2807442.2807443,ACM UIST,"Impacto: Simulating Physical Impact by Combining Tactile Stimulation with Electrical Muscle Stimulation
"
104,boldu2019m,2019,Effects,Passive,Others,Encountered/free gesture,Not Specified,Off-The-Shelf Components,None,https://doi.org/10.1145/3025453.3025600,ACM CHI,Providing Haptics to Walls & Heavy Objects in Virtual Reality by Means of Electrical Muscle Stimulation
105,lopes2015impacto,2015,Effects,Passive,Stretch On Skin,Worn/ free gesture,Grounded-On-Same-Body-Part,Electrical Muscle Stimulation,None,https://ieeexplore.ieee.org/document/7494918,IEEE Transactions on Haptics,Design and Evaluation of Shape-Changing Haptic Interfaces for Pedestrian Navigation Assistance
105,lopes2015impacto,2015,Effects,Passive,Forces/Constraint Across Joint,Worn/ free gesture,Grounded-On-Same-Body-Part,Electrical Muscle Stimulation,None,https://doi.org/10.1145/3313831.3376353,ACM CHI,Virtual Reality Without Vision: A Haptic and Auditory White Cane to Navigate Complex Virtual Worlds
106,lopes2017providing,2017,Mass,Passive,Others,Worn/ free gesture,Grounded-On-Same-Body-Part,Electrical Muscle Stimulation,None,https://doi.org/10.1145/2858036.2858264,ACM CHI,Haptic Edge Display for Mobile Tactile Interaction
107,spiers2016design,2017,Abstracted,All,Whole Proximate Object,Encountered/free gesture,Ungrounded,Off-The-Shelf Components,None,https://dl.acm.org/doi/10.1145/3379337.3415862,ACM UIST,ElaStick: A Handheld Variable Stiffness Display for Rendering Dynamic Haptic Response of Flexible Object
108,siu2020virtual,2020,Shape,Tool-Mediated,Forces/Constraint Across Joint,Grasped/ fixed gesture,Ungrounded,Off-The-Shelf Components,Track + Brake,https://onlinelibrary.wiley.com/doi/abs/10.1002/smll.201702312,Small,Highly Transparent and Integrable Surface Texture Change Device for Localized Tactile Feedback
109,jang2016haptic,2016,Abstracted,All,Partial Proximate Object,Encountered/free gesture,Ungrounded,Material,Spatial Distribution,https://ieeexplore.ieee.org/document/8725948,IEEE Transactions on Industrial Electronics,Soft Haptic Actuator Based on Knitted PVC Gel Fabric
110,ryu2020elastick,2020,Mass Redistribution/Damped Oscillation,Shaking,Whole Proximate Object,Grasped/ fixed gesture,Ungrounded,Off-The-Shelf Components,Elastic Material,https://ieeexplore.ieee.org/abstract/document/8581471?casa_token=jPWHsrkkq4sAAAAA:GDrZFbowCBHztVE9KKcFh4t-la4XtcCVWNZQpiOsBXk2_4UfQ8zoIcriJq3rbq8ezVTa4TAK9DY,IEEE Robotics and Automation Letters,Fluidic Elastomer Actuators for Haptic Interactions in Virtual Reality
111,tiwari2018highly,2018,Texture,All,Partial Proximate Object,Encountered/free gesture,Ungrounded,Material,Spatial Distribution,https://pubs.rsc.org/en/content/articlelanding/2015/ra/c5ra03043a,RSC Advances,"Flexible cellulose acetate/graphene blueprints for vibrotactile actuator
"
112,park2019soft,2020,Not Specified,Not Specified,Partial Proximate Object,Not specified,Not Specified,Material,None,https://doi.org/10.1145/3332165.3347888,ACM UIST,HapSense: A Soft Haptic I/O Device with Uninterrupted Dual Functionalities of Force Sensing and Vibrotactile Actuation
113,barreiros2018fluidic,2019,Shape,All,Whole Proximate Object,Encountered/free gesture,Not Specified,Material,Modularization,https://onlinelibrary.wiley.com/doi/abs/10.1002/smll.201801603,Small,"An Electroactive and Transparent Haptic Interface Utilizing Soft Elastomer Actuators with Silver Nanowire Electrodes
"
114,mohiuddin2015flexible,2015,Not Specified,Not Specified,Vibration,Not specified,Not Specified,Material,None,https://dl.acm.org/doi/10.1145/3411764.3445676,ACM CHI,"GuideCopter - A Precise Drone-Based Haptic Guidance Interface,for Blind or Visually Impaired People"
115,yoon2019hapsense,2019,Not Specified,Not Specified,Vibration,Not specified,Not Specified,Material,None,https://www.liebertpub.com/doi/10.1089/soro.2019.0113,Soft Robotics,"A Wearable Soft Haptic Communicator Based on Dielectric Elastomer Actuators
"
116,jun2018electroactive,2018,Texture,Lateral Motion,Partial Proximate Object,Encountered/free gesture,Not Specified,Material,None,https://onlinelibrary.wiley.com/doi/full/10.1002/advs.201700410,Advanced Science,"Electroionic Antagonistic Muscles Based on Nitrogen-Doped Carbons Derived from Poly(Triazine-Triptycene)
"
117,huppert2021guidecopter,2021,Abstracted,None,Forces/Constraint Across Joint,Worn/ free gesture,Moving-Off-Body,Off-The-Shelf Components,None,https://science.sciencemag.org/content/365/6449/145,Science,"Strain-programmable fiber-based artificial muscle
"
118,zhao2020wearable,2020,Not Specified,Not Specified,Stretch On Skin,Worn/ free gesture,Grounded-On-Same-Body-Part,Material,Spatial Distribution,https://onlinelibrary.wiley.com/doi/abs/10.1002/adfm.201500673,Advanced Functional Materials,"High-Fidelity Bioelectronic Muscular Actuator Based on Graphene-Mediated and TEMPO-Oxidized Bacterial Cellulose
"
119,roy2017electroionic,2017,Not Specified,Not Specified,Partial Proximate Object,Not specified,Not Specified,Material,None,http://dx.doi.org/10.1039/C5SM00707K,Soft Matter,"A soft biomolecule actuator based on a highly functionalized bacterial cellulose nano-fiber network with carboxylic acid groups
"
120,kanik2019strain,2019,Not Specified,Not Specified,Partial Proximate Object,Not specified,Not Specified,Material,None,https://www.sciencedirect.com/science/article/pii/S0924424718318636?casa_token=XkzhAeOSLrkAAAAA:BHdT8v0tq5FpwK4rHW64el4U3nDTA_oPZlIMmfOPp0LwesJZ_ZlkdAalix-SXl1y9PGBWi7z_Zx5 ,Sensors and Actuators A: Physical,Healable thermoplastic for kinesthetic feedback in wearable haptic devices
121,kim2015high,2015,Not Specified,Not Specified,Partial Proximate Object,Not specified,Not Specified,Material,None,https://onlinelibrary.wiley.com/doi/abs/10.1002/admt.201700102,Advanced Materials Technologies,"Flexible Active Skin: Large Reconfigurable Arrays of Individually Addressed Shape Memory Polymer Actuators
"
122,wang2016soft,2016,Not Specified,Not Specified,Stretch On Skin,Not specified,Not Specified,Material,None,https://iopscience.iop.org/article/10.1088/1361-665X/aa860d/pdf?casa_token=S0VXV4jH1XEAAAAA:zTqo8iZ4nWDq0q7iWnyE-lKScPdtqDuCKUfOiLjc5Id15NiMA46e5rwdChpM44OJ1nsgiXF38hWihjVuYpJF4Q,Smart Materials and Structures,"On the design of a miniature haptic ring for cutaneous force feedback using shape memory alloy actuators
"
123,carpenter2019healable,2019,Not Specified,Not Specified,Forces/Constraint Across Joint,Worn/ free gesture,Grounded-On-Different-Body-Part,Material,None,https://ieeexplore.ieee.org/document/7177691,IEEE WHC,"Surface Haptics via Electroadhesion: Expanding Electrovibration with Johnsen and Rahbek
"
124,besse2017flexible,2017,Not Specified,Not Specified,Stretch On Skin,Worn/ free gesture,Grounded-On-Same-Body-Part,Material,Spatial Distribution,https://doi.org/10.1145/3173574.3174000,ACM CHI,Jetto: Using Lateral Force Feedback for Smartwatch Interactions
125,hwang2017design,2017,Not Specified,Not Specified,Stretch On Skin,Worn/ free gesture,Grounded-On-Same-Body-Part,Material,Others,https://www.sciencedirect.com/science/article/abs/pii/S0957415818300072,Mechatronics,"Development of a 4-DOF haptic micromanipulator utilizing a hybrid parallel-serial flexure mechanism
"
126,shultz2015surface,2015,Not Specified,Not Specified,Whole Proximate Object,Not specified,Not Specified,Material,None,https://ieeexplore.ieee.org/document/7101278,IEEE/ASME Transactions on Mechatronics,"Design and Performance Evaluation of a Prototype MRF-Based Haptic Interface for Medical Applications
"
127,gong2018jetto,2018,Abstracted,Passive,Stretch On Skin,Worn/ free gesture,Grounded-On-Same-Body-Part,Off-The-Shelf Components,None,https://ieeexplore.ieee.org/document/7318573,IEEE Engineering in Medicine and Biology Society,Displaying Shape Haptically Using MRF-based Device
128,pinskier2018development,2018,Not Specified,Not Specified,Forces/Constraint Across Joint,Grasped/ fixed gesture,Grounded-Off-Body,Material,Mechanical Mechanism,https://doi.org/10.1145/2858036.2858104,ACM CHI,Materiable: Rendering Dynamic Material Properties in Response to Direct Physical Touch with Shape Changing Interfaces
129,najmaei2015design,2016,Not Specified,Not Specified,Forces/Constraint Across Joint,Grasped/ fixed gesture,Grounded-Off-Body,Material,Mechanical Mechanism,https://doi.org/10.1145/2858036.2858104,ACM CHI,Materiable: Rendering Dynamic Material Properties in Response to Direct Physical Touch with Shape Changing Interfaces
130,rizzo2015displaying,2015,Others,Not Specified,Partial Proximate Object,Not specified,Not Specified,Material,None,https://doi.org/10.1145/3025453.3025812,ACM CHI,Generating Haptic Textures with a Vibrotactile Actuator
131,nakagaki2016materiable,2016,Shape,All,Partial Proximate Object,Encountered/free gesture,Grounded-Off-Body,Off-The-Shelf Components,Spatial Distribution,https://doi.org/10.1145/2858036.2858544,ACM CHI,TableHop: An Actuated Fabric Display Using Transparent Electrodes
131,nakagaki2016materiable,2016,Compliance,All,Partial Proximate Object,Encountered/free gesture,Grounded-Off-Body,Off-The-Shelf Components,Spatial Distribution,https://doi.org/10.1145/2839462.2839494,ACM TEI,ReFlex: A Flexible Smartphone with Active Haptic Feedback for Bend Input
132,strohmeier2017generating,2017,Texture,Lateral Motion,Vibration,Encountered/free gesture,Not Specified,Off-The-Shelf Components,None,https://ui.adsabs.harvard.edu/abs/2020SMaS...29e5028M/abstract,Smart Materials and Structures,A compact and compliant electrorheological actuator for generating a wide range of haptic sensations
133,sahoo2016tablehop,2016,Texture,Lateral Motion,Partial Proximate Object,Encountered/free gesture,Grounded-Off-Body,Material,Spatial Distribution,https://www.nature.com/articles/s41586-019-1687-0?ref=mainstreem-dotcom/,Nature,A portable three-degrees-of-freedom force feedback origami robot for humanยจCrobot interactions
134,strohmeier2016reflex,2016,Force/Motion,Others,Whole Proximate Object,Encountered/free gesture,Ungrounded,Off-The-Shelf Components,None,https://www.nature.com/articles/s41586-019-1687-0?ref=mainstreem-dotcom/,Nature,Skin-integrated wireless haptic interfaces for virtual and augmented reality
135,mazursky2020compact,2020,Not Specified,Not Specified,Stretch On Skin,Not specified,Not Specified,Material,None,https://dl.acm.org/doi/10.1145/2207676.2208731,ACM CHI,GyroTab: a handheld device that provides reactive torque feedbacka
136,mintchev2019portable,2019,Not Specified,Others,Forces/Constraint Across Joint,Grasped/ fixed gesture,Ungrounded,Off-The-Shelf Components,Mechanical Mechanism,https://doi.org/10.1145/2984511.2984526,ACM UIST,NormalTouch and TextureTouch: High-fidelity 3D Haptic Shape Rendering on Handheld Virtual Reality Controllers
137,yu2019skin,2019,Not Specified,Not Specified,Vibration,Worn/ free gesture,Grounded-On-Same-Body-Part,Material,Spatial Distribution,https://doi.org/10.1145/2984511.2984527,ACM UIST,NormalTouch and TextureTouch: High-fidelity 3D Haptic Shape Rendering on Handheld Virtual Reality Controllers
138,badshah2012gyrotab,2012,Abstracted,Passive,Forces/Constraint Across Joint,Grasped/ fixed gesture,Ungrounded,Exsiting Devices,Others,https://doi.org/10.1145/2984511.2984526,ACM UIST,NormalTouch and TextureTouch: High-fidelity 3D Haptic Shape Rendering on Handheld Virtual Reality Controllers
138.1,benko2016normaltouch,2016,Shape,Static Contact,Partial Proximate Object,Encountered/free gesture,Ungrounded,Off-The-Shelf Components,Mechanical Mechanism,https://doi.org/10.1145/2984511.2984527,ACM UIST,NormalTouch and TextureTouch: High-fidelity 3D Haptic Shape Rendering on Handheld Virtual Reality Controllers
138.2,benko2016normaltouch,2016,Shape,Static Contact,Partial Proximate Object,Encountered/free gesture,Ungrounded,Off-The-Shelf Components,Spatial Distribution,https://doi.org/10.1145/2984511.2984526,ACM UIST,NormalTouch and TextureTouch: High-fidelity 3D Haptic Shape Rendering on Handheld Virtual Reality Controllers
138.2,benko2016normaltouch,2016,Texture,Static Contact,Partial Proximate Object,Encountered/free gesture,Ungrounded,Off-The-Shelf Components,Spatial Distribution,https://doi.org/10.1145/2984511.2984527,ACM UIST,NormalTouch and TextureTouch: High-fidelity 3D Haptic Shape Rendering on Handheld Virtual Reality Controllers
139,wilson2014perception,2014,Abstracted,Passive,Vibration,Encountered/free gesture,Grounded-Off-Body,Off-The-Shelf Components,None,https://dl.acm.org/doi/10.1145/2556288.2557033,ACM CHI,Perception of ultrasonic haptic feedback on the hand: localisation and apparent motion
140,portolesdiez2021novel,2021,Compliance,Lateral Motion,Vibration,Grasped/ fixed gesture,Grounded-Off-Body,Off-The-Shelf Components,None,https://ieeexplore.ieee.org/document/9381693,IEEE Transactions on Haptics,A Novel Method for Surface Exploration by 6-DOF Encountered-Type Haptic Display Towards Virtual Palpation
140,portolesdiez2021novel,2021,Compliance,Lateral Motion,Forces/Constraint Across Joint,Grasped/ fixed gesture,Grounded-Off-Body,Off-The-Shelf Components,None,https://ieeexplore.ieee.org/document/9381693,IEEE Transactions on Haptics,A Novel Method for Surface Exploration by 6-DOF Encountered-Type Haptic Display Towards Virtual Palpation
140,portolesdiez2021novel,2021,Curvature,Lateral Motion,Stretch On Skin,Grasped/ fixed gesture,Grounded-Off-Body,Off-The-Shelf Components,None,https://ieeexplore.ieee.org/document/9381693,IEEE Transactions on Haptics,A Novel Method for Surface Exploration by 6-DOF Encountered-Type Haptic Display Towards Virtual Palpation
140,portolesdiez2021novel,2021,Curvature,Lateral Motion,Forces/Constraint Across Joint,Grasped/ fixed gesture,Grounded-Off-Body,Off-The-Shelf Components,None,https://ieeexplore.ieee.org/document/9381693,IEEE Transactions on Haptics,A Novel Method for Surface Exploration by 6-DOF Encountered-Type Haptic Display Towards Virtual Palpation
141,wang2020position,2020,Compliance,Pressure,Forces/Constraint Across Joint,Grasped/ fixed gesture,Grounded-Off-Body,Off-The-Shelf Components,Mechanical Mechanism,https://ieeexplore.ieee.org/abstract/document/9293394,IEEE Transactions on Haptics,A Position-Control Based Approach to Haptic Rendering of Stiff Objects
142,macgavin2021protactile,2021,Abstracted,Passive,Vibration,Worn/ free gesture,Grounded-On-Same-Body-Part,Off-The-Shelf Components,Spatial Distribution,https://ieeexplore.ieee.org/stamp/stamp.jsp?tp=&arnumber=9417720,IEEE Transactions on Haptics,A Protactile-Inspired Wearable Haptic Device for Capturing the Core Functions of Communication
142,macgavin2021protactile,2021,Abstracted,Passive,Stretch On Skin,Worn/ free gesture,Grounded-On-Same-Body-Part,Off-The-Shelf Components,Spatial Distribution,https://ieeexplore.ieee.org/stamp/stamp.jsp?tp=&arnumber=9417720,IEEE Transactions on Haptics,A Protactile-Inspired Wearable Haptic Device for Capturing the Core Functions of Communication
144,shabani2021haptic,2021,Abstracted,Passive,Vibration,Worn/ free gesture,Grounded-On-Same-Body-Part,Off-The-Shelf Components,None,https://ieeexplore.ieee.org/stamp/stamp.jsp?tp=&arnumber=9423549,IEEE Transactions on Haptics,Haptic vs. Visual Neurofeedback for Brain Training: A Proof-of-Concept Study
145,daunizeau2021phononic,2021,Texture,Lateral Motion,Vibration,Encountered/free gesture,Ungrounded,Material,None,https://ieeexplore.ieee.org/stamp/stamp.jsp?tp=&arnumber=9400743,IEEE Transactions on Haptics,Phononic Crystals Applied to Localised Surface Haptics
146,abe2021remote,2021,Texture,Lateral Motion,Vibration,Encountered/free gesture,Grounded-Off-Body,Off-The-Shelf Components,None,https://ieeexplore.ieee.org/stamp/stamp.jsp?tp=&arnumber=9416825,IEEE Transactions on Haptics,Remote Friction Reduction on Resonant Film Surface by Airborne Ultrasound
147,bhatia2021soma,2021,Abstracted,Passive,Vibration,Worn/ free gesture,Grounded-On-Same-Body-Part,Off-The-Shelf Components,None,https://dl.acm.org/doi/abs/10.1145/3411764.3445123,ACM CHI,Soma-noti: Delivering Notifications Through Under-clothing Wearables
147,bhatia2021soma,2021,Abstracted,Passive,Stretch On Skin,Worn/ free gesture,Grounded-On-Same-Body-Part,Off-The-Shelf Components,None,https://dl.acm.org/doi/abs/10.1145/3411764.3445123,ACM CHI,Soma-noti: Delivering Notifications Through Under-clothing Wearables
148,kawazoe2021tactile,2021,Abstracted,Others,Vibration,Worn/ free gesture,Grounded-On-Same-Body-Part,Off-The-Shelf Components,None,https://ieeexplore.ieee.org/stamp/stamp.jsp?tp=&arnumber=9442315,IEEE Transactions on Haptics,Tactile Echoes: Multisensory Augmented Reality for the Hand
149,feick2021visuo,2021,Force/Motion,Part Motion Test,Whole Proximate Object,Encountered/free gesture,Not Specified,Off-The-Shelf Components,None,https://dl.acm.org/doi/abs/10.1145/3411764.3445456,ACM CHI,Visuo-haptic Illusions for Linear Translation and Stretching using Physical Proxies in Virtual Reality
150,hachisu2014vacuumtouch,2014,Abstracted,Static Contact,Stretch On Skin,Encountered/free gesture,Ungrounded,Off-The-Shelf Components,None,https://dl.acm.org/doi/10.1145/2556288.2557252,ACM CHI,VacuumTouch: attractive force feedback interface for haptic interactive surface using air suction
151,doucette2013effects,2013,Abstracted,Passive,Vibration,Worn/ free gesture,Ungrounded,Off-The-Shelf Components,None,https://dl.acm.org/doi/10.1145/2470654.2466250,ACM CHI,The effects of tactile feedback and movement alteration on interaction and awareness with digital embodiments
152,hoggan2012pressages,2012,Abstracted,Passive,Vibration,Encountered/free gesture,Ungrounded,Exsiting Devices,None,https://dl.acm.org/doi/10.1145/2380116.2380185,ACM CHI,Pressages: augmenting phone calls with non-verbal messages
153,tam2013design,2013,Abstracted,Passive,Vibration,Worn/ free gesture,Ungrounded,Off-The-Shelf Components,None,https://dl.acm.org/doi/10.1145/2470654.2466223,ACM CHI,The design and field observation of a haptic notification system for timing awareness during oral presentations
154,park2013roles,2013,Abstracted,Passive,Partial Proximate Object,Encountered/free gesture,Ungrounded,Off-The-Shelf Components,None,https://dl.acm.org/doi/10.1145/2470654.2466222,ACM CHI,The roles of touch during phone conversations: long-distance couples' use of POKE in their homes
155,monnai2014haptomime,2014,Abstracted,Passive,Stretch On Skin,Encountered/free gesture,Grounded-Off-Body,Off-The-Shelf Components,None,https://dl.acm.org/doi/10.1145/2642918.2647407,ACM CHI,HaptoMime: mid-air haptic interaction with a floating virtual screen
156,nakagawa2012mimictile,2012,Abstracted,Others,Whole Proximate Object,Encountered/free gesture,Ungrounded,Material,Others,https://dl.acm.org/doi/10.1145/2207676.2207782,ACM CHI,MimicTile: a variable stiffness deformable user interface for mobile devices
157,lee2012funneling,2012,Abstracted,Passive,Vibration,Encountered/free gesture,Ungrounded,Off-The-Shelf Components,Others,https://dl.acm.org/doi/10.1145/2207676.2208729,ACM CHI,Funneling and saltation effects for tactile interaction with virtual objects
158,prasad2014haptimoto,2014,Abstracted,Passive,Vibration,Worn/ free gesture,Grounded-On-Same-Body-Part,Off-The-Shelf Components,Spatial Distribution,https://dl.acm.org/doi/10.1145/2556288.2557404,ACM CHI,HaptiMoto: turn-by-turn haptic route guidance interface for motorcyclists
159,mullenbach2014exploring,2014,Texture,Lateral Motion,Vibration,Encountered/free gesture,Ungrounded,Off-The-Shelf Components,Spatial Distribution,https://dl.acm.org/doi/10.1145/2556288.2557343,ACM CHI,Exploring affective communication through variable-friction surface haptics
160,heo2019pseudobend,2019,Mechanical Mechanisms,Part Motion Test,Vibration,Grasped/ fixed gesture,Ungrounded,Off-The-Shelf Components,None,https://dl.acm.org/doi/10.1145/3332165.3347941,ACM UIST,"PseudoBend: Producing Haptic Illusions of Stretching, Bending, and Twisting Using Grain Vibrations"
161,yoshida2020pocopo,2019,curvature,static contact,partial proximate object,Encountered,grounded-off-body,Off-the-shelf components ,spatial distribution,https://doi.org/10.1145/3313831.3376358,ACM TEI,inFORCE: Bi-directional กฎForceกฏ Shape Display For Haptic Interaction
162,yoshida2021pocopo,2020,shape,static contact,partial proximate object,Encountered,grounded-off-body,Off-the-shelf components ,spatial distribution,https://doi.org/10.1145/3313831.3376359,ACM TEI,inFORCE: Bi-directional กฎForceกฏ Shape Display For Haptic Interaction
163,yoshida2022pocopo,2021,compliance,static contact,partial proximate object,Encountered,grounded-off-body,Off-the-shelf components ,spatial distribution,https://doi.org/10.1145/3313831.3376360,ACM TEI,inFORCE: Bi-directional กฎForceกฏ Shape Display For Haptic Interaction
164,yoshida2023pocopo,2020,curvature,pressure,partial proximate object,Encountered,grounded-off-body,Off-the-shelf components ,spatial distribution,https://doi.org/10.1145/3313831.3376361,ACM TEI,inFORCE: Bi-directional กฎForceกฏ Shape Display For Haptic Interaction
165,yoshida2024pocopo,2020,shape,pressure,partial proximate object,Encountered,grounded-off-body,Off-the-shelf components ,spatial distribution,https://doi.org/10.1145/3313831.3376362,ACM TEI,inFORCE: Bi-directional กฎForceกฏ Shape Display For Haptic Interaction
166,yoshida2025pocopo,2020,compliance,pressure,partial proximate object,Encountered,grounded-off-body,Off-the-shelf components ,spatial distribution,https://doi.org/10.1145/3313831.3376363,ACM TEI,inFORCE: Bi-directional กฎForceกฏ Shape Display For Haptic Interaction
167,nakagaki2015lineform,2015,Shape,Passive,whole proximate object,Wore,Encountered,Off-the-shelf components ,mechanical mechanism,https://dl.acm.org/doi/10.1145/2807442.2807452,ACM UIST,"Lineform: Actuated curve interfaces for display, interaction, and constraint"
168,nakagaki2016lineform,2015,Abstracted,Passive,whole proximate object,Wore,Encountered,Off-the-shelf components ,mechanical mechanism,https://dl.acm.org/doi/10.1145/2807442.2807453,ACM UIST,"Lineform: Actuated curve interfaces for display, interaction, and constraint"
169,nakagaki2017lineform,2015,Shape,Enclosure,whole proximate object,Wore,Encountered,Off-the-shelf components ,mechanical mechanism,https://dl.acm.org/doi/10.1145/2807442.2807454,ACM UIST,"Lineform: Actuated curve interfaces for display, interaction, and constraint"
170,nakagaki2018lineform,2015,Abstracted,Enclosure,whole proximate object,Wore,Encountered,Off-the-shelf components ,mechanical mechanism,https://dl.acm.org/doi/10.1145/2807442.2807455,ACM UIST,"Lineform: Actuated curve interfaces for display, interaction, and constraint"
171,nakagaki2019lineform,2015,Shape,Passive,force on skin,Wore,Encountered,Off-the-shelf components ,mechanical mechanism,https://dl.acm.org/doi/10.1145/2807442.2807456,ACM UIST,"Lineform: Actuated curve interfaces for display, interaction, and constraint"
172,nakagaki2020lineform,2015,Abstracted,Passive,force on skin,Wore,Encountered,Off-the-shelf components ,mechanical mechanism,https://dl.acm.org/doi/10.1145/2807442.2807457,ACM UIST,"Lineform: Actuated curve interfaces for display, interaction, and constraint"
173,nakagaki2021lineform,2015,Shape,Enclosure,force on skin,Wore,Encountered,Off-the-shelf components ,mechanical mechanism,https://dl.acm.org/doi/10.1145/2807442.2807458,ACM UIST,"Lineform: Actuated curve interfaces for display, interaction, and constraint"
174,nakagaki2022lineform,2015,Abstracted,Enclosure,force on skin,Wore,Encountered,Off-the-shelf components ,mechanical mechanism,https://dl.acm.org/doi/10.1145/2807442.2807459,ACM UIST,"Lineform: Actuated curve interfaces for display, interaction, and constraint"
175,nakagaki2023lineform,2015,Shape,Passive,whole proximate object,Encountered,Encountered,Off-the-shelf components ,mechanical mechanism,https://dl.acm.org/doi/10.1145/2807442.2807460,ACM UIST,"Lineform: Actuated curve interfaces for display, interaction, and constraint"
176,nakagaki2024lineform,2015,Abstracted,Passive,whole proximate object,Encountered,Encountered,Off-the-shelf components ,mechanical mechanism,https://dl.acm.org/doi/10.1145/2807442.2807461,ACM UIST,"Lineform: Actuated curve interfaces for display, interaction, and constraint"
177,nakagaki2025lineform,2015,Shape,Enclosure,whole proximate object,Encountered,Encountered,Off-the-shelf components ,mechanical mechanism,https://dl.acm.org/doi/10.1145/2807442.2807462,ACM UIST,"Lineform: Actuated curve interfaces for display, interaction, and constraint"
178,nakagaki2026lineform,2015,Abstracted,Enclosure,whole proximate object,Encountered,Encountered,Off-the-shelf components ,mechanical mechanism,https://dl.acm.org/doi/10.1145/2807442.2807463,ACM UIST,"Lineform: Actuated curve interfaces for display, interaction, and constraint"
179,nakagaki2027lineform,2015,Shape,Passive,force on skin,Encountered,Encountered,Off-the-shelf components ,mechanical mechanism,https://dl.acm.org/doi/10.1145/2807442.2807464,ACM UIST,"Lineform: Actuated curve interfaces for display, interaction, and constraint"
180,nakagaki2028lineform,2015,Abstracted,Passive,force on skin,Encountered,Encountered,Off-the-shelf components ,mechanical mechanism,https://dl.acm.org/doi/10.1145/2807442.2807465,ACM UIST,"Lineform: Actuated curve interfaces for display, interaction, and constraint"
181,nakagaki2029lineform,2015,Shape,Enclosure,force on skin,Encountered,Encountered,Off-the-shelf components ,mechanical mechanism,https://dl.acm.org/doi/10.1145/2807442.2807466,ACM UIST,"Lineform: Actuated curve interfaces for display, interaction, and constraint"
182,nakagaki2030lineform,2015,Abstracted,Enclosure,force on skin,Encountered,Encountered,Off-the-shelf components ,mechanical mechanism,https://dl.acm.org/doi/10.1145/2807442.2807467,ACM UIST,"Lineform: Actuated curve interfaces for display, interaction, and constraint"
183,hamazaki2022chemical,2015,Effects,Passive,Chemical,Worn,Grounded-on-one-bodypart,Chemical,None,https://ieeexplore.ieee.org/document/9765569,IEEE HAPTICS,Chemical-induced Thermal Grill Illusion
184,lu2021chemical,2021,Effects,Passive,Chemical,Worn,Grounded-on-one-bodypart,Chemical,None,https://dl.acm.org/doi/abs/10.1145/3472749.3474747,ACM UIST,Chemical Haptics: Rendering Haptic Sensations via Topical Stimulants
185,jiang2021douleur,2021,Effects,Passive,Chemical,Worn,Grounded-on-one-bodypart,Chemical,None,https://dl.acm.org/doi/10.1145/3463527,ACM IMWUT,Douleur: creating pain sensation with chemical stimulant to enhance user experience in virtual reality
186,strohmeier2020barefoot,2020,compliance,lateral motion,Vibration,Worn,grounded-on-one-bodypart,Off-the-shelf components ,None,https://dl.acm.org/doi/10.1145/3379337.3415828,ACM UIST,bARefoot: Generating Virtual Materials Using Motion Coupled Vibration in Shoes
187,strohmeier2021barefoot,2021,compliance,Pressure,Vibration,Worn,grounded-on-one-bodypart,Off-the-shelf components ,None,https://dl.acm.org/doi/10.1145/3379337.3415829,ACM UIST,bARefoot: Generating Virtual Materials Using Motion Coupled Vibration in Shoes
